{
  "root": {
    "parent": null,
    "head": [
      0.0,
      0.0,
      0.0
    ],
    "tail": [
      0.0,
      0.0,
      0.10000000149011612
    ],
    "children": [
      "pelvis"
    ]
  },
  "pelvis": {
    "parent": "root",
    "head": [
      0.0005136542022228241,
      -0.004167059436440468,
      -0.37034299969673157
    ],
    "tail": [
      0.0005136542022228241,
      -0.004167059436440468,
      -0.27034300565719604
    ],
    "children": [
      "left_hip",
      "right_hip",
      "spine1"
    ]
  },
  "left_hip": {
    "parent": "pelvis",
    "head": [
      0.049855127930641174,
      0.025919584557414055,
      -0.4643343985080719
    ],
    "tail": [
      0.049855127930641174,
      0.025919584557414055,
      -0.3643344044685364
    ],
    "children": [
      "left_knee"
    ]
  },
  "left_knee": {
    "parent": "left_hip",
    "head": [
      0.1163334995508194,
      0.03664308413863182,
      -0.9008409380912781
    ],
    "tail": [
      0.1163334995508194,
      0.03664308413863182,
      -0.8008409142494202
    ],
    "children": [
      "left_ankle"
    ]
  },
  "left_ankle": {
    "parent": "left_knee",
    "head": [
      0.07456538826227188,
      0.07738546282052994,
      -1.3510185480117798
    ],
    "tail": [
      0.07456538826227188,
      0.07738546282052994,
      -1.2510185241699219
    ],
    "children": [
      "left_foot"
    ]
  },
  "left_foot": {
    "parent": "left_ankle",
    "head": [
      0.1163748949766159,
      -0.062084369361400604,
      -1.4166356325149536
    ],
    "tail": [
      0.1163748949766159,
      -0.062084369361400604,
      -1.3166356086730957
    ],
    "children": []
  },
  "right_hip": {
    "parent": "pelvis",
    "head": [
      -0.05012551695108414,
      0.02053176797926426,
      -0.47424671053886414
    ],
    "tail": [
      -0.05012551695108414,
      0.02053176797926426,
      -0.3742467164993286
    ],
    "children": [
      "right_knee"
    ]
  },
  "right_knee": {
    "parent": "right_hip",
    "head": [
      -0.10137020796537399,
      0.03763240575790405,
      -0.8927421569824219
    ],
    "tail": [
      -0.10137020796537399,
      0.03763240575790405,
      -0.792742133140564
    ],
    "children": [
      "right_ankle"
    ]
  },
  "right_ankle": {
    "parent": "right_knee",
    "head": [
      -0.08460897952318192,
      0.07661853730678558,
      -1.3584626913070679
    ],
    "tail": [
      -0.08460897952318192,
      0.07661853730678558,
      -1.25846266746521
    ],
    "children": [
      "right_foot"
    ]
  },
  "right_foot": {
    "parent": "right_ankle",
    "head": [
      -0.11851073056459427,
      -0.06903807818889618,
      -1.423084020614624
    ],
    "tail": [
      -0.11851073056459427,
      -0.06903807818889618,
      -1.3230839967727661
    ],
    "children": []
  },
  "spine1": {
    "parent": "pelvis",
    "head": [
      -0.00041316880378872156,
      0.02440926618874073,
      -0.26010861992836
    ],
    "tail": [
      -0.00041316880378872156,
      0.02440926618874073,
      -0.16010862588882446
    ],
    "children": [
      "spine2"
    ]
  },
  "spine2": {
    "parent": "spine1",
    "head": [
      0.004860487300902605,
      0.018223749473690987,
      -0.10719195008277893
    ],
    "tail": [
      0.004860487300902605,
      0.018223749473690987,
      -0.007191956043243408
    ],
    "children": [
      "spine3"
    ]
  },
  "spine3": {
    "parent": "spine2",
    "head": [
      -0.001355503685772419,
      0.004795873537659645,
      -0.04932979866862297
    ],
    "tail": [
      -0.001355503685772419,
      0.004795873537659645,
      0.05067020282149315
    ],
    "children": [
      "neck",
      "left_collar",
      "right_collar"
    ]
  },
  "neck": {
    "parent": "spine3",
    "head": [
      -0.007511385716497898,
      0.02241782657802105,
      0.11899261176586151
    ],
    "tail": [
      -0.007511385716497898,
      0.02241782657802105,
      0.21899262070655823
    ],
    "children": [
      "head"
    ]
  },
  "head": {
    "parent": "neck",
    "head": [
      0.012655767612159252,
      -0.0051510874181985855,
      0.29551073908805847
    ],
    "tail": [
      0.012655767612159252,
      -0.0051510874181985855,
      0.395510733127594
    ],
    "children": [
      "jaw",
      "left_eye_smplhf",
      "right_eye_smplhf"
    ]
  },
  "jaw": {
    "parent": "head",
    "head": [
      -0.006145858205854893,
      0.0017767488025128841,
      0.2944669723510742
    ],
    "tail": [
      -0.006145858205854893,
      0.0017767488025128841,
      0.39446696639060974
    ],
    "children": []
  },
  "left_eye_smplhf": {
    "parent": "head",
    "head": [
      0.0319928340613842,
      -0.06779592484235764,
      0.3396744132041931
    ],
    "tail": [
      0.0319928340613842,
      -0.06779592484235764,
      0.43967440724372864
    ],
    "children": []
  },
  "right_eye_smplhf": {
    "parent": "head",
    "head": [
      -0.03199344500899315,
      -0.06779457628726959,
      0.33967411518096924
    ],
    "tail": [
      -0.03199344500899315,
      -0.06779457628726959,
      0.43967410922050476
    ],
    "children": []
  },
  "left_collar": {
    "parent": "spine3",
    "head": [
      0.039080455899238586,
      0.007943978533148766,
      0.027939382940530777
    ],
    "tail": [
      0.039080455899238586,
      0.007943978533148766,
      0.1279393881559372
    ],
    "children": [
      "left_shoulder"
    ]
  },
  "left_shoulder": {
    "parent": "left_collar",
    "head": [
      0.17005492746829987,
      0.021741628646850586,
      0.09336602687835693
    ],
    "tail": [
      0.17005492746829987,
      0.021741628646850586,
      0.19336602091789246
    ],
    "children": [
      "left_elbow"
    ]
  },
  "left_elbow": {
    "parent": "left_shoulder",
    "head": [
      0.4388429522514343,
      0.058593954890966415,
      0.014528393745422363
    ],
    "tail": [
      0.4388429522514343,
      0.058593954890966415,
      0.11452838778495789
    ],
    "children": [
      "left_wrist"
    ]
  },
  "left_wrist": {
    "parent": "left_elbow",
    "head": [
      0.7264614105224609,
      0.06321766972541809,
      0.03695547580718994
    ],
    "tail": [
      0.7264614105224609,
      0.06321766972541809,
      0.13695546984672546
    ],
    "children": [
      "left_index1",
      "left_middle1",
      "left_pinky1",
      "left_ring1",
      "left_thumb1"
    ]
  },
  "left_index1": {
    "parent": "left_wrist",
    "head": [
      0.8360080718994141,
      0.0434599332511425,
      0.027306921780109406
    ],
    "tail": [
      0.8360080718994141,
      0.0434599332511425,
      0.12730692327022552
    ],
    "children": [
      "left_index2"
    ]
  },
  "left_index2": {
    "parent": "left_index1",
    "head": [
      0.8699808716773987,
      0.039964910596609116,
      0.028733059763908386
    ],
    "tail": [
      0.8699808716773987,
      0.039964910596609116,
      0.1287330538034439
    ],
    "children": [
      "left_index3"
    ]
  },
  "left_index3": {
    "parent": "left_index2",
    "head": [
      0.8940224647521973,
      0.040045905858278275,
      0.026064395904541016
    ],
    "tail": [
      0.8940224647521973,
      0.040045905858278275,
      0.12606438994407654
    ],
    "children": []
  },
  "left_middle1": {
    "parent": "left_wrist",
    "head": [
      0.8443164229393005,
      0.06767946481704712,
      0.029698997735977173
    ],
    "tail": [
      0.8443164229393005,
      0.06767946481704712,
      0.1296990066766739
    ],
    "children": [
      "left_middle2"
    ]
  },
  "left_middle2": {
    "parent": "left_middle1",
    "head": [
      0.876725971698761,
      0.07219180464744568,
      0.02982150763273239
    ],
    "tail": [
      0.876725971698761,
      0.07219180464744568,
      0.1298215091228485
    ],
    "children": [
      "left_middle3"
    ]
  },
  "left_middle3": {
    "parent": "left_middle2",